{
	"bboxMax": [8.99628, 7.85, 8.99628],
	"bboxMin": [-8.99628, -2.79204e-9, -8.99628],
	"fileRef": "Q32206F36L.bod",
	"hasLocalMaterials": true,
	"psId": 15,
	"title": "Q32206F36L",
	"units": 2
}